Nombre,Campo
Calaverita Literaria,Fideicomisos
Estrofa 1,En el silencio de los archivos y en la sombra de las oficinas,
                donde se guardan secretos que nadie quiere ver,
                nace una calaverita literaria, siniestra y divertida,
                dedicada al trabajo de Fideicomisos.

Estrofa 2,Aunque el mundo pasa en silencio y la vida sigue su curso,
               hay un lugar donde se escribe con tinta negra y misterio,
               una calaverita que ríe, juega y a veces te asusta,
               porque el trabajo de Fideicomisos no tiene fin.

Estrofa 3,Si buscas en los archivos, encontrarás su voz siniestra,
              como un eco que susurra entre las páginas del tiempo,
              una calaverita ingeniosa y divertida, con un toque de miedo,
              porque el trabajo de Fideicomisos no es para todos.

Estrofa 4,Y aunque la vida te lleve lejos de ese lugar oscuro,
             recuerda que en cada archivo guardado hay una calaverita,
             que ríe, juega y a veces te asusta con su misterio,
             porque el trabajo de Fideicomisos es un arte siniestro.